Project;Filename;Size_bytes;Gzip_bytes;Kind
frontend;favicon.ico;6796;819;image
frontend;index.html;1103;407;html
frontend;img/sauce.svg;4079;1805;image
frontend;img/potato.svg;4384;1741;image
frontend;img/foundation/small-tomato.svg;5731;2410;image
frontend;img/foundation/big-tomato.svg;5739;2412;image
frontend;img/foundation/big-creamy.svg;5738;2412;image
frontend;img/foundation/small-creamy.svg;5738;2410;image
frontend;img/users/user.jpg;8958;8990;image
frontend;img/filling/onion.svg;4064;1354;image
frontend;img/filling/parmesan.svg;123658;47839;image
frontend;img/filling/salami.svg;2805;1044;image
frontend;img/filling/blue_cheese.svg;2259;1070;image
frontend;img/filling/mushrooms.svg;1532;766;image
frontend;img/filling/salmon.svg;1803;904;image
frontend;img/filling/tomatoes.svg;2022;980;image
frontend;img/filling/olives.svg;578;370;image
frontend;img/filling/ananas.svg;3891;1888;image
frontend;img/filling/mozzarella.svg;4398;2010;image
frontend;img/filling/chile.svg;1311;737;image
frontend;img/filling/ham.svg;2583;979;image
frontend;img/filling/jalapeno.svg;1846;871;image
frontend;img/filling/bacon.svg;4445;2330;image
frontend;img/filling/cheddar.svg;1169;612;image
frontend;img/cola.svg;3620;1265;image
frontend;img/filling-big/onion.svg;20318;5924;image
frontend;img/filling-big/parmesan.svg;25480;10391;image
frontend;img/filling-big/salami.svg;16527;5579;image
frontend;img/filling-big/blue_cheese.svg;9256;3893;image
frontend;img/filling-big/mushrooms.svg;9054;3904;image
frontend;img/filling-big/salmon.svg;7864;3155;image
frontend;img/filling-big/tomatoes.svg;9865;4025;image
frontend;img/filling-big/olives.svg;3824;1750;image
frontend;img/filling-big/ananas.svg;15488;6584;image
frontend;img/filling-big/mozzarella.svg;25937;9921;image
frontend;img/filling-big/chile.svg;3843;1678;image
frontend;img/filling-big/ham.svg;12559;3690;image
frontend;img/filling-big/jalapeno.svg;7092;2632;image
frontend;img/filling-big/bacon.svg;17489;7898;image
frontend;img/filling-big/cheddar.svg;4873;2043;image
frontend;assets/ham-CH96pP5v.svg;12559;3699;image
frontend;assets/index-ChV2XMCN.js;157009;60943;js
frontend;assets/OrdersView-6eAy3Ugh.css;3484;1059;css
frontend;assets/salami-CYvAOd2N.svg;16527;5588;image
frontend;assets/LoginView-D4IndRcK.js;2897;1445;js
frontend;assets/ButtonComponent-lENU5Jll.css;2650;958;css
frontend;assets/blue_cheese-B1Y3UXT9.svg;9256;3902;image
frontend;assets/roboto-bold-CP5ZINhl.woff2;22536;22591;font
frontend;assets/TextInput-B8FBl2m7.css;710;363;css
frontend;assets/ProfileView-Bf6ogKTP.css;2541;1010;css
frontend;assets/cheddar-C-pMmiAb.svg;4873;2052;image
frontend;assets/small-creamy-C51dKSuN.svg;5738;2419;image
frontend;assets/onion-BDCn4VJ9.svg;20318;5933;image
frontend;assets/ananas-THrIwOUB.svg;15488;6593;image
frontend;assets/logo-BBUov1OP.svg;5627;2698;image
frontend;assets/popup-Bqefjttx.svg;17899;8164;image
frontend;assets/CartView-Csr4SS2E.js;13630;5129;js
frontend;assets/roboto-regular-56L6iL-I.woff2;65916;65919;font
frontend;assets/roboto-regular-BsN8iP2n.woff;93388;92459;font
frontend;assets/CartView-qGVcvf7B.css;5824;1893;css
frontend;assets/big-tomato-Cvn2WRfs.svg;5739;2421;image
frontend;assets/bacon-nf12AkFg.svg;17489;7907;image
frontend;assets/big-creamy-BlDPUM_s.svg;5738;2421;image
frontend;assets/OrdersView-BfUm11_R.js;7616;3103;js
frontend;assets/HomeView-BM0k5kQc.css;23380;8388;css
frontend;assets/SheetComponent-BiKa8Jhc.js;794;486;js
frontend;assets/concatAddress-CUiMFAF-.js;91;131;js
frontend;assets/TextInput-MN0OWzjY.js;1435;673;js
frontend;assets/SheetComponent-DNIliOCe.css;318;256;css
frontend;assets/HomeView-CFw-y629.js;12569;4157;js
frontend;assets/salmon-C3Cw_F69.svg;7864;3164;image
frontend;assets/small-tomato-CViKH6Ih.svg;5731;2419;image
frontend;assets/ProfileView-DGB6Ez7F.js;7744;2991;js
frontend;assets/mozzarella-DKpWSLaj.svg;25937;9930;image
frontend;assets/ButtonComponent-DgzQ02zm.js;1144;663;js
frontend;assets/parmesan-BA7S18XL.svg;25480;10400;image
frontend;assets/roboto-bold-DKAZFU91.woff;28856;28848;font
frontend;assets/tomatoes-C5oUEd4y.svg;9865;4034;image
frontend;assets/LoginView-v2A_oIhS.css;488;347;css
frontend;assets/CounterComponent-G9zgaV9I.css;1929;628;css
frontend;assets/roboto-light-BU4NLvAn.woff;28656;28662;font
frontend;assets/CloseButton-B39_GmNY.js;550;399;js
frontend;assets/jalapeno-DXFCfDLg.svg;7092;2641;image
frontend;assets/product-BXOnNp6-.js;55;95;js
frontend;assets/diameter-BUSiQDYK.svg;33126;12676;image
frontend;assets/mushrooms-Da-zUsAm.svg;9054;3913;image
frontend;assets/product-DAd-wvy3.svg;55176;19951;image
frontend;assets/CloseButton-Pt1dirpI.css;734;340;css
frontend;assets/CounterComponent-dAFI_p_-.js;1405;761;js
frontend;assets/roboto-light-BxhWy8Fw.woff2;22376;22432;font
frontend;assets/index-DtHvHLYj.css;10319;3251;css
shell;index.html;1130;535;html
shell;assets/virtualExposes-DN39MDG_.js;51;98;js
shell;assets/MfeView-CESUrJUQ.js;2042;1068;js
shell;assets/virtual_mf-REMOTE_ENTRY_ID___mfe_internal__shell__remoteEntry_js-43IP29n6.js;76525;23606;js
shell;assets/hostInit-D-eMgRM5.js;58;92;js
shell;assets/roboto-bold-CP5ZINhl.woff2;22536;22591;font
shell;assets/vue.runtime.esm-bundler-Dd2uPGwZ.js;109186;42467;js
shell;assets/__mfe_internal__shell__loadRemote__auth_mf_1_entry__loadRemote__-lJg_OYyC.js;853;589;js
shell;assets/logo-BBUov1OP.svg;5627;2698;image
shell;assets/index-C-uSXZdh.js;33877;13052;js
shell;assets/roboto-regular-56L6iL-I.woff2;65916;65919;font
shell;assets/roboto-regular-BsN8iP2n.woff;93388;92459;font
shell;assets/pinia-B3XqtjJQ.js;5687;2600;js
shell;assets/__mfe_internal__shell__loadShare__pinia__loadShare__.js-DCiwCax6.js;860;594;js
shell;assets/roboto-bold-DKAZFU91.woff;28856;28848;font
shell;assets/MfeView-BetGQe2l.css;933;441;css
shell;assets/localSharedImportMap-4wVRSjY4.js;1470;583;js
shell;assets/roboto-light-BU4NLvAn.woff;28656;28662;font
shell;assets/index-DVAf2fIe.css;8343;3136;css
shell;assets/__mfe_internal__shell__loadShare__vue__loadShare__.js-Dw1AVxDF.js;3601;1856;js
shell;assets/preload-helper-Ct5FWWRu.js;1234;745;js
shell;assets/roboto-light-BxhWy8Fw.woff2;22376;22432;font
shell;assets/__mfe_internal__shell__loadRemote__cart_mf_1_entry__loadRemote__-Bsm7XoyP.js;853;589;js
shell;remoteEntry.js;185;186;js
auth;index.html;950;437;html
auth;@mf-types/entry.d.ts;89;87;other
auth;@mf-types/compiled-types/constants.d.ts;50;85;other
auth;@mf-types/compiled-types/entry.d.ts;245;171;other
auth;@mf-types/compiled-types/types/User.d.ts;100;93;other
auth;@mf-types/compiled-types/stores/authStore.d.ts;1898;360;other
auth;@mf-types/compiled-types/utils/TokenStorage.d.ts;122;126;other
auth;@mf-types/compiled-types/http/httpClient.d.ts;64;94;other
auth;@mf-types/compiled-types/api/authApi.d.ts;323;209;other
auth;@mf-types.d.ts;185;147;other
auth;assets/index-DBkScut0.js;1033;586;js
auth;assets/pinia-DNEbwMdp.js;5705;2613;js
auth;assets/runtimeInit-uKVrzusr.js;410;277;js
auth;assets/vue.runtime.esm-bundler-Dd2uPGwZ.js;109186;42467;js
auth;assets/popup-Bqefjttx.svg;17899;8164;image
auth;assets/App.vue_vue_type_style_index_0_lang-DQ7U4LZ0.js;43586;17682;js
auth;assets/auth__loadShare__vue__loadShare__.mjs-B8UAhsTH.js;3262;1682;js
auth;assets/index.cjs-qNTcCtpj.js;57201;18499;js
auth;assets/virtualExposes-tl4PMS3D.js;682;448;js
auth;assets/entry-BJi3-kLz.js;1021;498;js
auth;assets/hostInit--6ewUomb.js;454;311;js
auth;assets/auth__loadShare__pinia__loadShare__.mjs-CTFse82b.js;536;434;js
auth;assets/preload-helper-CmsKOCeN.js;1109;696;js
auth;assets/App-DH0H09g6.css;7321;2361;css
auth;remoteEntry.js;1728;868;js
auth;@mf-types.zip;2760;1476;other
cart;index.html;960;433;html
cart;@mf-types/entry.d.ts;89;87;other
cart;@mf-types/compiled-types/entry.d.ts;140;108;other
cart;@mf-types/compiled-types/router/index.d.ts;74;89;other
cart;@mf-types.d.ts;185;147;other
cart;assets/entry-COjRzln1.js;84119;32082;js
cart;assets/cart__loadShare__pinia__loadShare__.mjs-DWxOfTlQ.js;536;435;js
cart;assets/vue.runtime.esm-bundler-Dd2uPGwZ.js;109186;42467;js
cart;assets/hostInit-BMKH-INB.js;454;313;js
cart;assets/cart__loadShare__vue__loadShare__.mjs-MyXp1NQD.js;3322;1711;js
cart;assets/index.cjs-qNTcCtpj.js;57201;18499;js
cart;assets/runtimeInit-BoCTODWv.js;410;277;js
cart;assets/pinia-Nq1Z_wTP.js;5705;2615;js
cart;assets/entry-D1geNgOU.css;14789;3727;css
cart;assets/virtualExposes-BzoutulT.js;585;409;js
cart;assets/index-Dav3egBu.js;990;564;js
cart;assets/preload-helper-Ct5FWWRu.js;1234;745;js
cart;remoteEntry.js;1728;868;js
cart;@mf-types.zip;807;417;other
profile;index.html;931;423;html
profile;@mf-types/entry.d.ts;89;87;other
profile;@mf-types/compiled-types/entry.d.ts;102;101;other
profile;@mf-types/compiled-types/router/index.d.ts;74;89;other
profile;@mf-types.d.ts;185;147;other
profile;assets/entry-se1y6INx.css;9909;2931;css
profile;assets/index-ClG8aba5.js;983;563;js
profile;assets/vue.runtime.esm-bundler-Dd2uPGwZ.js;109186;42467;js
profile;assets/hostInit-BMKH-INB.js;454;314;js
profile;assets/profile__loadShare__pinia__loadShare__.mjs-BN28U8Dr.js;536;438;js
profile;assets/virtualExposes-BnoPEfVG.js;591;411;js
profile;assets/entry-ClE5TE9S.js;76708;29548;js
profile;assets/index.cjs-qNTcCtpj.js;57201;18499;js
profile;assets/runtimeInit-uNzMkmtY.js;413;279;js
profile;assets/pinia-BWgYeYzl.js;5708;2619;js
profile;assets/preload-helper-Ct5FWWRu.js;1234;745;js
profile;assets/profile__loadShare__vue__loadShare__.mjs-64cn05Z7.js;3316;1711;js
profile;remoteEntry.js;1740;869;js
profile;@mf-types.zip;800;406;other
order;index.html;964;436;html
order;@mf-types/entry.d.ts;89;87;other
order;@mf-types/compiled-types/entry.d.ts;102;101;other
order;@mf-types.d.ts;185;147;other
order;assets/entry-BAiQdZug.js;47773;19200;js
order;assets/vue.runtime.esm-bundler-Dd2uPGwZ.js;109186;42467;js
order;assets/index-CGzpwp6O.js;992;561;js
order;assets/hostInit-BMKH-INB.js;454;314;js
order;assets/virtualExposes-CVL4C3Zp.js;587;403;js
order;assets/index.cjs-qNTcCtpj.js;57201;18499;js
order;assets/runtimeInit-Dn-mfZ3h.js;411;277;js
order;assets/order__loadShare__vue__loadShare__.mjs-BuLMdZLi.js;3255;1678;js
order;assets/pinia-pzYpfL6P.js;5706;2615;js
order;assets/order__loadShare__pinia__loadShare__.mjs-aSJkccDc.js;536;438;js
order;assets/preload-helper-Ct5FWWRu.js;1234;745;js
order;assets/entry-Bh41-ptD.css;9725;2964;css
order;remoteEntry.js;1732;870;js
order;@mf-types.zip;480;295;other
pizza-builder;favicon.ico;6796;819;image
pizza-builder;index.html;943;423;html
pizza-builder;@mf-types/entry.d.ts;89;87;other
pizza-builder;@mf-types/compiled-types/entry.d.ts;102;101;other
pizza-builder;@mf-types.d.ts;185;147;other
pizza-builder;img/sauce.svg;4079;1805;image
pizza-builder;img/potato.svg;4384;1741;image
pizza-builder;img/foundation/small-tomato.svg;5731;2410;image
pizza-builder;img/foundation/big-tomato.svg;5739;2412;image
pizza-builder;img/foundation/big-creamy.svg;5738;2412;image
pizza-builder;img/foundation/small-creamy.svg;5738;2410;image
pizza-builder;img/users/user.jpg;8958;8990;image
pizza-builder;img/filling/onion.svg;4064;1354;image
pizza-builder;img/filling/parmesan.svg;123658;47839;image
pizza-builder;img/filling/salami.svg;2805;1044;image
pizza-builder;img/filling/blue_cheese.svg;2259;1070;image
pizza-builder;img/filling/mushrooms.svg;1532;766;image
pizza-builder;img/filling/salmon.svg;1803;904;image
pizza-builder;img/filling/tomatoes.svg;2022;980;image
pizza-builder;img/filling/olives.svg;578;370;image
pizza-builder;img/filling/ananas.svg;3891;1888;image
pizza-builder;img/filling/mozzarella.svg;4398;2010;image
pizza-builder;img/filling/chile.svg;1311;737;image
pizza-builder;img/filling/ham.svg;2583;979;image
pizza-builder;img/filling/jalapeno.svg;1846;871;image
pizza-builder;img/filling/bacon.svg;4445;2330;image
pizza-builder;img/filling/cheddar.svg;1169;612;image
pizza-builder;img/cola.svg;3620;1265;image
pizza-builder;img/filling-big/onion.svg;20318;5924;image
pizza-builder;img/filling-big/parmesan.svg;25480;10391;image
pizza-builder;img/filling-big/salami.svg;16527;5579;image
pizza-builder;img/filling-big/blue_cheese.svg;9256;3893;image
pizza-builder;img/filling-big/mushrooms.svg;9054;3904;image
pizza-builder;img/filling-big/salmon.svg;7864;3155;image
pizza-builder;img/filling-big/tomatoes.svg;9865;4025;image
pizza-builder;img/filling-big/olives.svg;3824;1750;image
pizza-builder;img/filling-big/ananas.svg;15488;6584;image
pizza-builder;img/filling-big/mozzarella.svg;25937;9921;image
pizza-builder;img/filling-big/chile.svg;3843;1678;image
pizza-builder;img/filling-big/ham.svg;12559;3690;image
pizza-builder;img/filling-big/jalapeno.svg;7092;2632;image
pizza-builder;img/filling-big/bacon.svg;17489;7898;image
pizza-builder;img/filling-big/cheddar.svg;4873;2043;image
pizza-builder;assets/ham-CH96pP5v.svg;12559;3699;image
pizza-builder;assets/salami-CYvAOd2N.svg;16527;5588;image
pizza-builder;assets/blue_cheese-B1Y3UXT9.svg;9256;3902;image
pizza-builder;assets/cheddar-C-pMmiAb.svg;4873;2052;image
pizza-builder;assets/small-creamy-C51dKSuN.svg;5738;2419;image
pizza-builder;assets/onion-BDCn4VJ9.svg;20318;5933;image
pizza-builder;assets/ananas-THrIwOUB.svg;15488;6593;image
pizza-builder;assets/runtimeInit-B5ommYYI.js;418;284;js
pizza-builder;assets/hostInit-BMKH-INB.js;454;312;js
pizza-builder;assets/pizzaBuilder__loadShare__vue__loadShare__.mjs-BNt1llOQ.js;3288;1707;js
pizza-builder;assets/virtualExposes-ubAmNmbp.js;627;424;js
pizza-builder;assets/pinia-DUopebTn.js;5708;2620;js
pizza-builder;assets/index.cjs-qNTcCtpj.js;57201;18499;js
pizza-builder;assets/big-tomato-Cvn2WRfs.svg;5739;2421;image
pizza-builder;assets/bacon-nf12AkFg.svg;17489;7907;image
pizza-builder;assets/big-creamy-BlDPUM_s.svg;5738;2421;image
pizza-builder;assets/pizzaBuilder__loadShare__pinia__loadShare__.mjs-OffoPf_h.js;536;444;js
pizza-builder;assets/index-DR9PFSfj.js;1017;571;js
pizza-builder;assets/vue.runtime.esm-bundler-ElFYw5cl.js;109410;42534;js
pizza-builder;assets/salmon-C3Cw_F69.svg;7864;3164;image
pizza-builder;assets/small-tomato-CViKH6Ih.svg;5731;2419;image
pizza-builder;assets/mozzarella-DKpWSLaj.svg;25937;9930;image
pizza-builder;assets/parmesan-BA7S18XL.svg;25480;10400;image
pizza-builder;assets/tomatoes-C5oUEd4y.svg;9865;4034;image
pizza-builder;assets/App-B_QJhTtt.css;31713;10482;css
pizza-builder;assets/jalapeno-DXFCfDLg.svg;7092;2641;image
pizza-builder;assets/diameter-BUSiQDYK.svg;33126;12676;image
pizza-builder;assets/mushrooms-Da-zUsAm.svg;9054;3913;image
pizza-builder;assets/preload-helper-Ct5FWWRu.js;1234;745;js
pizza-builder;assets/entry-IzdCOoQB.js;358;245;js
pizza-builder;assets/App-BCYa1fdR.js;55525;21135;js
pizza-builder;remoteEntry.js;1760;872;js
pizza-builder;@mf-types.zip;480;295;other
